id1,id2,id3,text,f1,f2,f3,f4,f5,f6,f7,f8
7333199097078726225,955682083143508114,13025278659433870883,"–ü—Ä–∏—Å–ª–∞–ª–∏ –ø–æ—Ü–∞—Ä–∞–ø–∞–Ω–Ω—É—é –Ω–∞—Å–∞–¥–∫—É , –≥—Ä—è–∑–Ω—É—é, —Å—Ä–∞—Ä–µ–Ω–Ω—É—é –Ω–µ –∞–∫–∫—É—Ä–∞—Ç–Ω–æ! –ï—â—ë 100 —Ä—É–±–ª–µ–π –∑–∞ –æ—Ç–∫–∞–∑ —Å–ø–∏—Å–∞–ª–∏ ü§¨ –ù–µ —Å–æ–≤–µ—Ç—É—é –ø–æ–∫—É–ø–∞—Ç—å!",5,4,4.2,16,1,4.25,10,13
16399368618333561295,11045513651686387073,12155125135782450682,–í—Å—ë –≤ –ª—É—á—à–µ–º –≤–∏–¥–µ,1,1,5.0,426,39,4.809859154929577,3,14
6416049234325234128,10314236777029640365,9635992094241400914,"–û—á–µ–Ω—å –∫–ª–∞—Å—Å–Ω—ã–π! –õ—É—á—à–µ, —á–µ–º –æ–∂–∏–¥–∞–ª–∞",46,42,4.869565217391305,512,298,4.9375,62,84
13435225192388325787,12083732927943125766,3092192811766542002,–ó–∞–∫–∞–∑ –ø—Ä–∏—à—ë–ª –±—ã—Å—Ç—Ä–æ —Ü–≤–µ—Ç —Ç–æ–∫ –Ω–µ —Ç–æ—Ç –ø—Ä–∏ –∏—Å–ø–æ–ª—å–∑–æ–≤–∞–Ω–∏–∏ —Ä–µ–∑–∏–Ω–∞ —Å–∏–ª—å–Ω–æ –ø–∞—á–∫–∞–º–∏ —Ä—É–∫—É,5,5,3.8,130,53,4.269230769230769,17,18
12900463927143968103,11403627679983010788,5476108455197090699,–ó–∞–∫–∞–∑—ã–≤–∞–ª –¥–≤–µ —Ñ–∞—Ä—ã –ø—Ä–∏—à–ª–∞ –æ–¥–Ω–∞,1,1,1.0,14,0,3.2857142857142856,3,4
15797003132451581028,11844144371043153373,17396870417172193484,–ë—É–¥—É –ø–æ–∫—É–ø–∞—Ç—å –µ—â–µüëå,27,26,4.777777777777778,1144,266,4.693181818181818,53,119
10735469325551462115,16174813220852916312,10023277565824975246,–¢–æ–≤–∞—Ä —Å–æ–æ—Ç–≤–µ—Ç—Å—Ç–≤—É–µ—Ç –æ–ø–∏—Å–∞–Ω–∏—é,19,19,5.0,116,39,4.698275862068965,20,25
17075449667599358053,17312677487485542503,4418384912070712745,"–ü—Ä–∏—à–µ–ª –±—ã—Å—Ç—Ä–æ, –∫–∞—á–µ—Å—Ç–≤–æ –æ—á–µ–Ω—å —Ö–æ—Ä–æ—à–µ–µ —Å–ø–∏–Ω—É –¥–µ—Ä–∂–∏—Ç",2,2,5.0,1493,992,4.470194239785666,0,2
4329458658730971150,11804663313109805960,8223254633971568382,–í—Å—ë –æ—Ç–ª–∏—á–Ω–æ,4,4,5.0,10,3,5.0,4,7
202840795551626973,4886280845987950539,18197478674986892892,"–ü—Ä–æ—Å—Ç–æ —Ç—Ä—è–ø–∫–∞ , —Å–ø–ª–æ—à–Ω–∞—è —Å–∏–Ω—Ç–µ—Ç–∏–∫–∞ , –≤–µ–∑–¥–µ —Ç–æ—Ä—á–∞—Ç –Ω–∏—Ç–∫–∏ , —à–≤—ã –Ω–µ —Ä–æ–≤–Ω—ã–µ –æ–±—Ä–∞–±–æ—Ç–∞–Ω—ã –∫—Ä–∏–≤–æ , —Ç–∫–∞–Ω—å —Ç–æ–Ω–∫–∞—è ,–æ—Å–∏–º–µ—Ä–∏—è –Ω–∞—Ä—É—à–µ–Ω–∞ –∫—Ä–∞—ë–≤, –ø—Ä–æ–¥–∞–≤–µ—Ü –Ω–µ –¥–æ–±—Ä–æ—Å–æ–≤–µ—Å—Ç–Ω—ã–π , —Å–º–æ—Ç—Ä–∏—Ç–µ , —á—Ç–æ –ø—Ä–æ–¥–∞—ë—Ç–µ  –∏–ª–∏ —Å–∞–º–∏ —ç—Ç–æ –Ω–æ—Å–∏—Ç–µ , —Ä—É—á–∫–æ–π –∏—Å–ø–∞—á–∫–∞–Ω —Ç–æ–≤–∞—Ä –≤–∏–¥–Ω–æ , —á—Ç–æ –∫—Ä–æ–∏–ª–∏ –∏ –¥–µ–ª–∞–ª–∏ –º–µ—Ç–∫–∏ —Ä—É—á–∫–æ–π - –±—Ä–µ–¥ –ø–æ–ª–Ω—ã–π!",1,1,1.0,16,7,3.875,12,13
14450449676243212476,2747671135981857551,5244635574870148223,"–ü—Ä–æ–¥–∞–≤–µ—Ü –ø—Ä–æ—Å—Ç–æ –æ–±–Ω–∞–≥–ª–µ–ª, –≤—Ç–æ—Ä–æ–π —Ä–∞–∑ –ø—Ä–∏—Å—ã–ª–∞–µ—Ç –Ω–µ —Ç–æ—Ç —Ä–∞–∑–º–µ—Ä –∏ –º–æ–¥–µ–ª—å –¥–∞–∂–µ –±–ª–∏–∑–∫–æ –Ω–µ –ø–æ—Ö–æ–∂–∞,–∏ –∏–º–µ–Ω–Ω–æ —Ç–∞ –∫–æ—Ä–æ–±–∫–∞ –∫–æ—Ç–æ—Ä–∞—è —É–∂–µ –±—ã–ª–∞ –Ω–µ —Å—Ç–æ–π –º–æ–¥–µ–ª—å—é, –µ—â—ë –∏ –¥–µ–Ω—å–≥–∏ —Å–Ω—è–ª–∏ –∑–∞ –≤–æ–∑–≤—Ä–∞—Ç. –ü–æ–∑–æ—Ä –∫–∞–∫–æ–π —Ç–æ.",1,1,1.0,24,3,3.9166666666666665,4,21
14018731363817103528,15033739489822361444,13628551103149940182,"–•–æ—Ä–æ—à–∏–π —Ç–æ–≤–∞—Ä. –ù–æ –¥–ª—è –±–æ–ª—å—à–∏–Ω—Å—Ç–≤–∞ –∞—Ä–æ–∫ –∫–∞–∫ –Ω–∞ —Ñ–æ—Ç–æ –≤ –æ—Ç–∑—ã–≤–∞—Ö –Ω–∞–¥–æ –±—Ä–∞—Ç—å —Å—Ä–∞–∑—É 2. –ú—ã –Ω–µ —Ä–∞—Å—Å—á–∏—Ç–∞–ª–∏, –ø–æ—ç—Ç–æ–º—É –ø–æ–ª—É—á–∏–ª–æ—Å—å –Ω–µ —Å–æ–≤—Å–µ–º —Ç–æ, —á—Ç–æ –∑–∞–¥—É–º—ã–≤–∞–ª–∏. –ë—É–¥—å—Ç–µ –≤–Ω–∏–º–∞—Ç–µ–ª—å–Ω—ã.",36,36,4.361111111111111,41,23,4.926829268292683,163,379
17958075692033499026,50529731643003034,2236633853138745187,–°–æ–æ—Ç–≤–µ—Ç—Å—Ç–≤–∏–µ —Ç–æ–≤–∞—Ä–∞.,8,7,4.875,18,6,4.277777777777778,69,103
18172719841014348103,509292198982348599,9276397251840000441,"–®–∏–∫–∞—Ä–Ω—ã–µ —à—Ç–∞–Ω–∏—à–∫–∏ –Ω–æ –±–æ–ª—å—à–∏–µ –º–Ω–µ,–ø–µ—Ä–µ–∑–∞–∫–∞–∑–∞–ª–∞ –ø–æ–º–µ–Ω—å—à–µ.",6,6,5.0,1426,116,4.615708274894811,22,35
17333543092347730356,12303380566448797209,17418064849829328083,–•–æ—Ä–æ—à–∞—è –≤–æ–¥–æ–ª–∞–∑–∫–∞,20,17,4.8,1957,227,4.405212059274399,54,103
9269483659491994649,3019034827392054405,16469480842499997014,"–≠—Ç–æ –ø—Ä–æ—Å—Ç–æ —á—É–¥–æ üî•üî•üî•üôèüôèüôè !!! –£–≤–∞–∂–∞–µ–º—ã–π –ø—Ä–æ–¥–∞–≤–µ—Ü —Å–ø–∞—Å–∏–±–æ –æ–≥—Ä–æ–º–Ω–æ–µ –∑–∞ —Ç–∞–∫—É—é –∫—Ä–∞—Å–æ—Ç–∏—â—É üòòüòòüòò!!! –í–µ—Å–Ω–æ–π –≤–∑—è–ª–∞ 1—É–ø–∞–∫–æ–≤–∫—É (4 –≤–µ—Ç–æ—á–∫–∏ –±–µ–ª—ã–µ) , –∞ —Å–µ–π—á–∞—Å –≤–∑—è–ª–∞ –∫—Ä–∞—Å–Ω—ã–µ,  –∂—ë–ª—Ç—ã–µ 2—É–ø., —Ñ–∏–æ–ª–µ—Ç–æ–≤—ã–µ. –ë–æ–ª—å—à–∏–µ –≤–µ—Ç–æ—á–∫–∏, –ø—É—à–∞—Ç—å—Å—è –æ—á–µ–Ω—å —Ö–æ—Ä–æ—à–æ,  –æ–±—ä–µ–º –ø–æ–ª—É—á–∞–µ—Ç—Å—è –ø–æ—Ç—Ä—è—Å–∞—é—â–∏–π üëçüëçüëç!!! –¶–≤–µ—Ç–æ—á–∫–æ–≤ –∏ –ª–∏—Å—Ç–∏–∫–æ–≤ –º–Ω–æ–≥–æ üòçüòçüòçüëèüëèüëè!!! –†–µ–∫–æ–º–µ–Ω–¥—É—é –≤—Å–µ–º.  –í –±–µ–ª–æ–π –≤–∞–∑–µ 7 –≤–µ—Ç–æ—á–∫–∏, –≤ –∑–µ–ª—ë–Ω–æ–π 7 —à—Ç., –≤ —Å–µ—Ä–æ–π 5 —à—Ç. –∏ –æ–¥–Ω–∞ –µ—â—ë –æ—Å—Ç–∞–ª–∞—Å—å ü§©ü§©ü§©",14,14,5.0,123,50,4.495934959349594,142,316
10587900849002714761,15581541722457802685,13828717211715767721,"–†–µ—à—ë—Ç–∫–∞ –ø—Ä–∏—à–ª–∞ —á—É—Ç—å –∫—Ä–∏–≤–∞—è, –∫–∞—á–∞–µ—Ç—Å—è –∫–∞–∫ ¬´–∫–∞—á–µ–ª–∏¬ª, –Ω–æ –Ω–µ –∫—Ä–∏—Ç–∏—á–Ω–æ. –ë—ã—Å—Ç—Ä–∞—è –¥–æ—Å—Ç–∞–≤–∫–∞.",16,16,4.3125,153,19,4.862745098039215,53,56
3544626141972972645,4936811875284457090,6836784353719029392,"–í—Å–µ —Ö–æ—Ä–æ—à–æ, –ø—Ä–∏—à–ª–æ –≤ —Ü–µ–ª–æ—Å—Ç–∏ .",3,3,5.0,1518,455,4.642292490118577,0,3
4075436204595365715,4639311798747131931,14914627035881263463,"–ò–Ω—Ç–µ—Ä–µ—Å–Ω–∞—è —â—ë—Ç–∫–∞, –Ω–µ–æ–±—ã—á–Ω–∞—è, –Ω–æ —Å—É–¥—è –ø–æ –≥–ª–∞–¥–∫–æ–π —ç–º–∞–ª–∏, —á–∏—Å—Ç–∏—Ç —Ö–æ—Ä–æ—à–æ",13,13,4.6923076923076925,77,5,4.441558441558442,87,93
7123390051360869839,3400352583684412716,10051018482719758320,"–°–•–æ–≥–ª–∞—Å–Ω–∞ —Å –í–∞–ª–µ–Ω—Ç–∏–Ω–æ–π!–ü–æ—Å–ª–µ –ø—Ä–∏–º–µ–Ω–µ–Ω–∏—è –¥–∞–Ω–Ω–æ–≥–æ –∫—Ä–µ–º–∞ —É –º–µ–Ω—è –∂—É—Ç–∫–∞—è –∞–ª–ª–µ—Ä–≥–∏—è! –ö–∞–∫ –Ω–µ —Å—Ç—ã–¥–Ω–æ –ø—Ä–æ–¥–∞–≤—Ü—É –≤—Ç—é—Ö–∏–≤–∞—Ç—å –∏—Å–ø–æ—Ä—á–µ–Ω–Ω—ã–π —Ç–æ–≤–∞—Ä?–•–æ—Ç—è –æ —á–µ–º —ç—Ç–æ —è?–ë—É–¥—É –¥–µ–ª–∞—Ç—å –≤–æ–∑–≤—Ä–∞—Ç !–ù–µ –≤–µ—Ä–Ω—É—Ç –¥–µ–Ω—å–≥–∏,–æ–±—Ä–∞—â—É—Å—å –≤ –ø—Ä–∞–≤ –æ—Ä–≥–∞–Ω—ã.",17,16,2.7058823529411766,23,3,4.304347826086956,110,234
14954299193304112420,5719465921850910304,18003133089489520237,–î–æ—Å—Ç–∞–≤–ª–µ–Ω–æ –≤–æ–≤—Ä–µ–º—è —Å–ø–∞—Å–∏–±–æ,89,84,4.573033707865169,40,1,4.675,89,105
17686494180008315097,14913272404847667030,1366014220535055596,–†–∞–∑–º–µ—Ä –Ω–µ –º–∞–ª–æ–º–µ—Ä–∏—Ç. –ö–∞—á–µ—Å—Ç–≤–æ –≤–æ—Å—Ç–æ—Ä–≥,21,19,4.857142857142857,361,140,4.858725761772853,32,39
18126275315654839741,408444821053408704,6751630855670206633,"–ö–∞–∂–¥—ã–π –≥–æ–¥ –≤–µ—Å–Ω–æ–π —ç—Ç–∏ –º–∞–ª—è–≤–∫–∏ –≤—Å–µ –ø–æ—Ä—Ç—è—Ç. –ù–∞—Ä–æ–¥–Ω—ã–µ —Å—Ä–µ–¥—Å—Ç–≤–∞ –≤—Ä–æ–¥–µ –ø–æ–º–æ–≥–∞—é—Ç, –Ω–æ –Ω–µ –¥–æ–ª–≥–æ. –ù–∞–¥–µ—é—Å—å –ø—Ä–µ–ø–∞—Ä–∞—Ç –ø–æ–º–æ–∂–µ—Ç. –ü–æ—Ç–æ–º —Å–∫–∞–∂—É –∫–∞–∫ –æ–Ω–æ",20,1,5.0,4,0,5.0,20,140
13133983332983867099,2097117953135007776,3234224562001499838,"–ö—Ä–∞—Å–∏–≤–æ–µ, –ø–ª–æ—Ç–Ω–æ–µ –ø–æ–∫—Ä—ã–≤–∞–ª–æ, —Ü–≤–µ—Ç —Å–æ–æ—Ç–≤–µ—Ç—Å—Ç–≤—É–µ—Ç –∑–∞—è–≤–ª–µ–Ω–Ω–æ–º—É.",72,67,4.513888888888889,8,2,4.875,93,127
5328743232361390305,7005754775454649944,566298475674721650,"–†–µ–∑–∫–∏–π –Ω–µ–ø—Ä–∏—è—Ç–Ω—ã–π –∑–∞–ø–∞—Ö, —á–∏—Å—Ç—ã–π —Å–ø–∏—Ä—Çü§Æü§Æü§Æü§Æü§Æü§Æ",1,1,1.0,147,63,4.680272108843537,1,3
17848717751469542830,1284705096485236792,16351792195234876872,–∑–∞ —Å–≤–æ—é —Ü–µ–Ω—É –æ—Ç–ª–∏—á–Ω—ã–π –≤–∞—Ä–∏–∞–Ω—Ç. —Ä–µ–∫–æ–º–µ–Ω–¥—É—é,1,1,5.0,15861,7673,4.394804867284535,29,55
17479319128756262558,6279545023998014830,6333958794702224250,–ø–µ—Ä–≤—ã–π —Ä–∞–∑ —Ç–∞–∫–æ–π —É–∂–∞—Å –≤–∏–∂—É ))) –≤—Å—è –∏—Å—Ü–∞—Ä–∞–ø–∞–Ω–∞ –≥–∏—Ç–∞—Ä–∞. –≤–º—è—Ç–∏–Ω–∞. —Å—Ç—Ä—É–Ω—ã –∏–∑ —Ä—ã–±–æ–ª–æ–≤–Ω–æ–π –ª–µ—Å–∫–∏ )))),1,1,1.0,141,63,3.879432624113475,0,1
4710361534682978330,13198473642442841208,879533051192768524,–û–∂–∏–¥–∞–ª–∞ –±–æ–ª—å—à–µ–≥–æ! —ç—Ñ—Ñ–µ–∫—Ç –¥–æ—Å—Ç–∏–≥–∞–µ—Ç—Å—è –ø–æ—Å–ª–µ –≤—ã–ª–∏–≤–∞–Ω–∏—è –Ω–∞ —Å–µ–±—è 1/3 —Ñ–ª–∞–∫–æ–Ω–∞ (((,91,64,4.450549450549451,222,15,4.702702702702703,193,286
17997308669329396941,6880889221290521898,7717033396874352091,–ö–æ—Ñ—Ç–∞ –∫–∞—á–µ—Å—Ç–≤–æ —Ö–æ—Ä–æ—à–µ–µ,22,22,5.0,437,181,4.540045766590389,25,61
18079166343955572065,13190549330942148377,8498155291066057894,"–î–∞–≤–Ω–æ –ø–æ–ª—å–∑—É—é—Å—å —ç—Ç–∏–º —Å—Ä–µ–¥—Å—Ç–≤–æ–º, –æ—Ç–ª–∏—á–Ω—ã–π —Ç–æ–≤–∞—Ä.",4,4,5.0,225,35,4.377777777777778,10,10
7326968604148217348,12527323625936618560,15338938070969436934,–û—Ç–ª–∏—á–Ω—ã–µ –ø–ª–µ—á–∏–∫–∏! –ó–∞ —Ç–∞–∫—É—é —Å—Ç–æ–∏–º–æ—Å—Ç—å –¥–∞ 20 —à—Ç—É–∫ —ç—Ç–æ –ø—Ä–æ—Å—Ç–æ –Ω–∞—Ö–æ–¥–∫–∞.,11,11,3.909090909090909,852,117,4.564553990610329,35,42
5109971794157999065,2514364006374497501,14140801743414424951,"–°–ø–∞—Å–∏–±–æ –ø—Ä–æ–∏–∑–≤–æ–¥–∏—Ç–µ–ª—é, —Ä–µ–±–µ–Ω–∫—É –≤—Å–µ –ø–æ–Ω—Ä–∞–≤–∏–ª–æ—Å—å, —Å–ø–∞—Å–∏–±–æ.",35,34,4.942857142857143,13,2,4.846153846153846,9,31
10868481518424431774,12640111323197988445,2621394319350378355,–í—Å—ë –∏–¥–µ–∞–ª—å–Ω–æ –Ω–∞–Ω–æ—Å–∏—Ç—å –ø—Ä–∏—è—Ç–Ω–æ,23,23,4.695652173913044,852,401,4.741784037558685,24,25
11041078834279357149,7954997857420414293,12155125135782450682,"–û—Ç–ª–∏—á–Ω—ã–µ –¥–∂–∏–Ω—Å—ã. –ö–∞—á–µ—Å—Ç–≤–æ –Ω–∞ –≤—ã—Å–æ—Ç–µ. –î–ª—è —Ç–∞–∫–∏—Ö –∏–¥–µ–∞–ª—å–Ω—ã—Ö –¥–∂–∏–Ω—Å –∏ 5000 –æ—Ç–¥–∞—Ç—å –Ω–µ –∂–∞–ª–∫–æ! –°–ø–∞—Å–∏–±–æ –ø—Ä–æ–¥–∞–≤—Ü—É, –∑–∞ —Ç–∞–∫–æ–µ —Å–µ—Ä—å–µ–∑–Ω–æ–µ –æ—Ç–Ω–æ—à–µ–Ω–∏–µ –∫ —Å–≤–æ–µ–º—É –ø—Ä–æ–¥—É–∫—Ç—É! –°–æ–≤–µ—Ç—É—é –≤—Å–µ–º –∫ –ø–æ–∫—É–ø–∫–µ!!!",2,2,5.0,566,278,4.740282685512367,1,4
14957654697019841596,5008190028629477,14146204528586438587,"–¢–æ–≤–∞—Ä –æ—á–µ–Ω—å –∫–∞—á–µ—Å—Ç–≤–µ–Ω–Ω—ã–π, —Ä–µ–∫–æ–º–µ–Ω–¥—É—é.",3,3,3.6666666666666665,1,0,5.0,9,17
3072432765800851160,13019765665221209391,13057272459692676590,"—è –≤ –≤–æ—Å—Ç–æ—Ä–≥–µ –æ—Ç –ø–æ–º–∞–¥—ã, —Ü–≤–µ—Ç –ø—Ä–µ–∫—Ä–∞—Å–Ω—ã–π –∏ –ª–æ–∂–∏—Ç—Å—è –æ—á–µ–Ω—å —Ö–æ—Ä–æ—à–æ. —Å—Ç–æ–π–∫–æ—Å—Ç—å –ø–æ–∫–∞ –Ω–µ –ø—Ä–æ–≤–µ—Ä—è–ª–∞, –Ω–æ –ø–µ—Ä–≤–æ–µ –≤–ø–µ—á–∞—Ç–ª–µ–Ω–∏–µ - —Å—É–ø–µ—Äüòç–Ω–∞ —Ñ–æ—Ç–æ 23 —Ç–æ–Ω",3,3,5.0,744,220,4.693548387096774,110,147
14693900358893763178,9142916060826063233,9276397251840000441,–û—á–µ–Ω—å –±–æ–ª—å—à–µ–º–µ—Ä—è—Ç –ò –Ω–µ —Å–∫–∞–∑–∞–Ω–æ —á—Ç–æ –∑–∞ –≤–æ–∑–≤—Ä–∞—Ç –±–µ—Ä—É—Ç –¥–µ–Ω—å–≥–∏.,4,4,1.25,7,0,4.285714285714286,3,4
6267857220669199105,17223553520878322949,12565856594426070431,"–î–æ—Å—Ç–∞–≤–∫–∞ –±—ã—Å—Ç—Ä–∞—è, –∑–Ω–∞—á–æ–∫, –∫ —Å–ª–æ–≤—É —Ö–æ—Ä–æ—à–∏–π, —Ç—è–∂—ë–ª—ã–π, –¥–∞–∂–µ –Ω–µ–º–Ω–æ–≥–æ –∑–∞—Å—Ç–∞—Ä–µ–Ω–Ω—ã–π, —á—Ç–æ–±—ã –≤—ã–≥–ª—è–¥–µ–ª –Ω–∞—Ç—É—Ä–∞–ª—å–Ω–æ, –∫–∞—á–µ—Å—Ç–≤–µ–Ω–Ω–∞—è —Ä–∞–±–æ—Ç–∞. –ï–¥–∏–Ω—Å—Ç–≤–µ–Ω–Ω–æ–µ, —á—Ç–æ –ª–∞–∫ –Ω–µ–º–Ω–æ–≥–æ –ø–æ—Ç—Ä–µ—Å–∫–∞–ª—Å—è, –Ω–æ –º–Ω–µ –∫–∞–∂–µ—Ç—Å—è —ç—Ç–æ –∏–∑–¥–µ—Ä–∂–∫–∏ –ø–µ—Ä–µ–≤–æ–∑–∫–∏. –ö—Ä–µ–ø–ª–µ–Ω–∏–µ —Ö–æ—Ä–æ—à–µ–µ, –¥–µ—Ä–∂–∏—Ç. –•–æ—Ä–æ—à–µ–µ –¥–æ–ø–æ–ª–Ω–µ–Ω–∏–µ –¥–ª—è –∫–æ–ª–ª–µ–∫—Ü–∏–∏.",43,33,4.976744186046512,9,7,4.888888888888889,136,152
3846561479148944449,10923866265960507899,9831565768016930896,"–ù—É –Ω–∏—á–µ–≥–æ —Ç–∞–∫, –ø–æ–π–¥—ë—Ç, –æ —Å—Ç–æ–π–∫–æ—Å—Ç–∏ —Ä–µ—á–∏ –∫–æ–Ω–µ—á–Ω–æ –Ω–µ—Ç.",33,31,3.878787878787879,2164,664,4.359519408502773,43,66
14342857400255022969,7091011335817642619,9965754212117573252,–ü—Ä–∏—à–µ–ª –Ω–µ –æ–Ω –∞ –∫–∞–∫–æ–µ —Ç–æ –º—ã–ª–æ,2,2,3.0,5,1,3.2,7,8
11929251856268803963,18311245923731433338,1721854510963196336,"–ö–ª–∞—Å—Å–Ω—ã–π –Ω–æ–∂! –ö—Ä–∞—Å–∏–≤—ã–π, –ª–µ–≥–∫–∏–π, —É–¥–æ–±–Ω–æ –ª–µ–∂–∏—Ç –≤ —Ä—É–∫–µ. –ó–∞—Ç–æ—á–∫–∞ —á—Ç–æ –Ω–∞–¥–æ, —Ä–µ–∂–µ—Ç –æ—Ç–ª–∏—á–Ω–æ. –ù–µ–º–Ω–æ–≥–æ —Ä–∞–∑–æ—á–∞—Ä–æ–≤–∞–Ω–∞ —Ç–µ–º, —á—Ç–æ –ø–æ —Ñ–∞–∫—Ç—É –Ω–æ–∂ –Ω–µ –æ–∫–∞–∑–∞–ª—Å—è —á–µ–º —Ç–æ —ç–∫—Å–∫–ª—é–∑–∏–≤–Ω—ã–º, —Ç.–∫. –ø—Ä–∏ –ø–æ–∏—Å–∫–µ –ø–æ —Ñ–æ—Ç–æ –Ω–∞ –≤–± –≤—ã–¥–∞–µ—Ç –µ—â–µ –∫—É—á—É –ø–æ—Ö–æ–∂–∏—Ö –Ω–æ–∂–µ–π. –ü–æ–ª—É—á–∞–µ—Ç—Å—è –∫–∞–∫ –æ–±—ã—á–Ω–æ, –Ω–∞ –∫–∏—Ç–∞–π—Å–∫–æ–µ –ø—Ä–æ–∏–∑–≤–æ–¥—Å—Ç–≤–æ –ø—Ä–æ—Å—Ç–æ –Ω–∞–ª–µ–ø–∏–ª–∏ —Å–≤–æ–π –ª–æ–≥–æ—Ç–∏–ø. –ù–æ –µ—Å–ª–∏ –∞–±—Å—Ç—Ä–∞–≥–∏—Ä–æ–≤–∞—Ç—å—Å—è –æ—Ç –∏–º–µ–Ω–∏ –±–ª–æ–≥–µ—Ä–∞, –∫–æ—Ç–æ—Ä–æ–≥–æ —Ö–æ—Ç–µ–ª–æ—Å—å –ø–æ–¥–¥–µ—Ä–∂–∞—Ç—å, –ø–æ–∫—É–ø–∫–æ–π –¥–æ–≤–æ–ª—å–Ω–∞.",23,22,4.652173913043479,100,52,4.5,90,120
1402031352465270759,11491131582591891593,9276397251840000441,"–ë—Ä—é–∫–∏ —Ö–æ—Ä–æ—à–∏–µ, –ª—ë–≥–∫–∏–µ. –ü—Ä–∏–π–¥—ë—Ç—Å—è –æ—Ç—Ä–µ–∑–∞—Ç—å.  –ü—Ä–æ—Å—å–±–∞ –∫ –ø—Ä–æ–¥–∞–≤—Ü–∞ –ï—Å–ª–∏ –º–æ–∂–Ω–æ, —Ç–æ –Ω–∞ —Ä–æ—Å—Ç 160 –ø–∞—Ä—Ç–∏—é –¥–µ–ª–∞—Ç—å. –í–µ–¥—å –Ω–µ –≤—Å–µ –≤—ã—Å–æ–∫–∏–µ. –°–ø–∞—Å–∏–±–æ.",59,51,4.677966101694915,376,60,4.36968085106383,80,209
9756067920867315152,8018617705754313905,1134952065348043279,–Ω—É –Ω–æ—Ä–º))),11,11,4.818181818181818,373,244,4.466487935656836,14,22
1879972438710985190,17539570109856154489,13756867877740550619,"–¢–æ–≤–∞—Ä –±—ã–ª –ø–ª–æ—Ö–æ–≥–æ –∫–∞—á–µ—Å—Ç–≤–∞, –ø–æ—Ü–∞—Ä–∞–ø–∞–Ω–Ω—ã–π, –∑–∞–≤–µ—Ä–Ω—É—Ç—ã–π –≤ —Å—Ç—Ä–∞–Ω–Ω—ã–π –ø–∞–∫–µ—Ç. –ù–µ –ø—Ä–∏–Ω—è–ª —Ç–æ–≤–∞—Ä, —Ç–∞–∫ —á–µ—Ä–µ–∑ —á–∞—Å –∏ –¥–µ–Ω—å–≥–∏ —Å–ø–∏—Å–∞–ª–∏ –∑–∞ –≤–æ–∑–≤—Ä–∞—Ç",1,1,1.0,3,0,3.6666666666666665,2,3
12441005598678774480,3432211676743045931,6821363508913116661,"–ü—Ä–∏—à–ª–∞ —Ä–∞–∑–±–∏—Ç–∞—è. –ü—Ä–æ—Å—Ç–æ –∫–æ—à–º–∞—Ä. –ù–∞–¥–µ—é—Å—å, —á—Ç–æ –∑–∞ –ø–ª–∞—Ç–Ω—ã–π –æ—Ç–∫–∞–∑ –≤–µ—Ä–Ω—É—Ç –¥–µ–Ω—å–≥–∏",16,16,4.5625,361,121,3.595567867036011,118,239
10451371394900058742,16825265469223579740,4563653250273761989,–ö—É–ø–∏–ª–∞ —Å –±–∞–ª—å–∑–∞–º–æ–º. –ü–æ–ª—å–∑—É—é—Å—å —É–∂–µ –º–µ—Å—è—Ü. –í–æ–ª–æ—Å—ã –±–æ–ª–µ–µ –º—è–≥–∫–∏–µ –∏ –ø–æ—Å–ª—É—à–Ω—ã–µ. –•–æ—Ä–æ—à–æ —É–∫–ª–∞–¥—ã–≤–∞—é—Ç—Å—è. –ü—Ä–æ–¥–∞–≤—Ü–∞ —Ä–µ–∫–æ–º–µ–Ω–¥—É—é üëç,205,10,4.824390243902439,3,0,5.0,238,354
228753626125555153,5558253364365694487,11129859721401673064,–ë—É—Ç—ã–ª–æ—á–∫–∞ —Ç–æ —Ö–æ—Ä–æ—à–∞—è  –ê –≤–æ—Ç –≤ –∫–∞–∫–æ–º –≤–∏–¥–µ –ø—Ä–∏—à–ª–∞-–æ–±–∏–¥–Ω–æ –∫–æ–Ω–µ—á–Ω–æ,7,7,3.7142857142857135,23,9,4.391304347826087,139,154
2104098450630439833,406989923142182176,9128344041145406561,–∫–∞–π—Ñ–∞ –¥–∞—ë—Ç,9,9,4.444444444444445,124,0,4.82258064516129,114,183
12273620253395126679,12233522863590112472,14656904900145631878,üëç–æ—Ç–ª–∏—á–Ω–æ üëçüëçüëç,6,6,5.0,19,8,4.2631578947368425,38,58
14915995266515082638,5744560880778418477,2262225501759961727,–û—Ç–∫–∞–∑. –ü–æ–≤–µ—Ä—Ö–Ω–æ—Å—Ç—å –∫–∞–∫ —Å—Ç–µ–∫–ª–æ –Ω–∞ –æ—â—É–ø—å.,1,1,3.0,80,25,4.725,0,1
17379137923970192770,17272284832625605037,8160404367092487937,"–ó–∞ —Å–≤–æ—é —Å—Ç–æ–∏–º–æ—Å—Ç—å –∫–∞—á–µ—Å—Ç–≤–æ –∏ –Ω–æ—Ä–º–∞–ª—å–Ω–æ. –ù–æ –ø—Ä–∏—à–ª–æ—Å—å –≤–µ—Ä–Ω—É—Ç—å —Å–ª–∏—à–∫–æ–º –±–æ–ª—å—à–∏–µ –±—ã–ª–∏, –Ω–µ —Ä–∞—Å—Å—á–∏—Ç–∞–ª–∞ —Å–º.",2,2,3.0,164,23,4.280487804878049,6,7
8878741679381272123,6963647939731624059,2599226983617426975,"–ù–µ  —Å–æ–æ—Ç–≤–µ—Ç—Å—Ç–≤–≤–µ—Ç –º–æ—â–Ω–æ—Å—Ç–∏ . –û—á–µ–Ω—å —Å–ª–∞–±—ã–π , –æ—Ñ–æ—Ä–º–∏–ª–∏ –≤–æ–∑–≤—Ä–∞—Ç –∏ –Ω–∞–º –æ—Ç–∫–∞–∑–∞–ª–∏ –¥–≤–∞–∂–¥—ã . –ï–≥–æ –Ω–µ –∏—Å–ø–æ–ª—å–∑–æ–≤–∞–ª–∏ –ø–æ –Ω–∞–∑–Ω–∞—á–µ–Ω–∏—é –∏ –≤—Å–µ —Ä–∞–≤–Ω–æ –æ—Ç–∫–∞–∑ —Ö–æ—Ç—è –ø–æ –ø—Ä–∞–≤–∞–º –ø–æ—Ç—Ä–µ–±–∏—Ç–µ–ª—è 2 –Ω–µ–¥–µ–ª–∏ –µ—Å—Ç—å –Ω–∞ –≤–æ–∑–≤—Ä–∞—Ç .   –£–±–∏–¥–∏–ª–∏—Å—å , —á—Ç–æ –Ω–∞–¥–æ –∑–∞–∫–∞–∑—ã–≤–∞—Ç—å –Ω–∞ –æ–∑–æ–Ω–µ , —Ç–∞–º –ø—Ä–æ–±–ª–µ–º —Å –≤–æ–∑–≤—Ä–∞—Ç–æ–º –Ω–µ—Ç .",1,1,1.0,294,122,3.421768707482993,7,8
5002269436549863957,570408289656093317,147494687329013625,"–û—á–µ–Ω—å –∫–∞—á–µ—Å—Ç–≤–µ–Ω–Ω–æ —Å—à–∏—Ç. –ù–µ—Ç –∏–∑—ä—è–Ω–æ–≤. –•–æ—Ä–æ—à–∏–π —Ä–∞–∑–º–µ—Ä, –æ–±—ä–µ–º–Ω—ã–π, –º–Ω–æ–≥–æ –æ—Ç–¥–µ–ª–µ–Ω–∏–π.",40,2,5.0,9,16,4.555555555555555,13,43
337415025893221712,17313749408577611605,13691614630361060085,"–ö–∞—á–µ—Å—Ç–≤–æ —Ç—Ä–∏–∫–æ—Ç–∞–∂–∞ –æ—á–µ–Ω—å —Ö–æ—Ä–æ—à–µ–µ, –ø–æ—à–∏–≤ —Ç–æ–∂–µ.",2,2,5.0,13,2,4.615384615384615,40,48
7211602434039389731,17312677487485542503,4418384912070712745,"–ë—Ä–∞–ª–∞ –ø–æ —Ä–µ–∫–æ–º–µ–Ω–¥–∞—Ü–∏–∏ –≤—Ä–∞—á–∞, —Ä–µ–∑—É–ª—å—Ç–∞—Ç–æ–º –¥–æ–≤–æ–ª—å–Ω–∞.",2,2,5.0,1493,992,4.470194239785666,0,2
17085248260384533655,10194351473996941699,2458364962552053934,–ù–µ —Ç–æ—Ç —Ä–∞–∑–º–µ—Ä,1,1,5.0,117,79,4.564102564102564,1,20
374307116552524993,12770366232865015449,315719441211056387,–ë–∏—Å—Ç—Ä–æ –ø–æ—Ä–≤–∞–ª–∏—Å—å –Ω–∞ –ø–∞–ª—å—Ü–µ.,4,4,2.25,10,1,4.7,3,6
2321239294907042329,1363273858559903152,8463984859306483856,–¢–æ–≤–∞—Ä –ø—Ä–∏—à—ë–ª –±–µ–∑ –¥–µ—Ñ–µ–∫—Ç–æ–≤ –∏ —Ö–æ—Ä–æ—à–æ —É–ø–∞–∫–æ–≤–∞–Ω.,17,14,5.0,8,4,5.0,32,36
1168241147949791658,5550452331376472677,14429975858162524498,"–ú–∞—à–∏–Ω–∫–∞ –ø–µ—Ä–µ—Å—Ç–∞–ª–∞ —Ä–∞–±–æ—Ç–∞—Ç—å —á–µ—Ä–µ–∑ 3 –º–∏–Ω—É—Ç—ã –∏—Å–ø–æ–ª—å–∑–æ–≤–∞–Ω–∏—è,  –≤–∫–ª—é—á–∞–µ—Ç—Å—è,  –ª–µ–∑–≤–∏–µ –∫—Ä—É—Ç–∏—Ç—Å—è,  –Ω–æ –∫–∞—Ç—ã—à–∫–∏ –Ω–µ —Å—Ä–µ–∑–∞–µ—Ç",1,1,1.0,4171,1190,4.697434667945337,2,2
14224732331517630061,3618250624428336850,518790586132298999,–û—Ç–ª–∏—á–Ω—ã–π —Ç–æ–≤–∞—Ä,3,3,3.6666666666666665,1056,258,4.834280303030303,68,89
9455477161780365505,7484716657609346489,8818535877144269085,–†–∞–∑–º–µ—Ä –Ω–µ–ø–æ–¥–æ—â–µ–ª,2,2,5.0,7,7,3.2857142857142856,4,11
5829786700257675370,8902938389228906153,12155125135782450682,–ü—Ä–æ—Å—Ç–æ –±–æ–º–±–∞!!!!,2,2,5.0,22,2,4.181818181818182,8,11
7986044217692022593,14821337703587073734,2223376074081656174,"–ü–µ—Ä–≤—ã–π —Ä–∞–∑ —Å—Ç–∞–ª–∫–∏–≤–∞—é—Å—å —Å —Ç–∞–∫–∏–º –Ω–∞–¥—É–≤–∞—Ç–µ–ª—å—Å—Ç–≤–æ–º. –ó–∞–∫–∞–∑–∞–ª–∞ 5 —É–ø–∞–∫–æ–≤–æ–∫ –º–∞—Ä–∫–µ—Ä–æ–≤ —Ç–æ–ª—â–∏–Ω–æ–π 3 –º–º, –ø—Ä–∏—à–ª–∏ 2 –º–º. –î–ª—è –º–µ–Ω—è —ç—Ç–æ –≤–∞–∂–Ω–æ. –†–∞–±–æ—Ç–∞—é –≤ –¥–µ—Ç—Å–∫–æ–º —É—á–µ–±–Ω–æ–º —Ü–µ–Ω—Ç—Ä–µ, –∏ —Å–æ–≤–µ—Ä—à–µ–Ω–Ω–æ –Ω–µ–æ–±—Ö–æ–¥–∏–º–æ, —á—Ç–æ–±—ã –¥–µ—Ç–∏ –≤–∏–¥–µ–ª–∏ —Ç–æ, —á—Ç–æ –ø–∏—à–µ—Ç –Ω–∞ –¥–æ—Å–∫–µ —É—á–∏—Ç–µ–ª—å. –ü—Ä–∏—à–ª–æ—Å—å –æ—Ñ–æ—Ä–º–ª—è—Ç—å –≤–æ–∑–≤—Ä–∞—Ç –∏ —Ç–µ—Ä—è—Ç—å –¥–µ–Ω—å–≥–∏. –ü—Ä–µ—Ç–µ–Ω–∑–∏—è –∫ –ø—Ä–æ–¥–∞–≤—Ü—É, —á—Ç–æ –Ω–∞–¥–æ —É–∫–∞–∑—ã–≤–∞—Ç—å –¥–µ–π—Å—Ç–≤–∏—Ç–µ–ª—å–Ω—É—é —Ö–∞—Ä–∞–∫—Ç–µ—Ä–∏—Å—Ç–∏–∫—É —Ç–æ–≤–∞—Ä–∞, –≤—ã–∫–ª–∞–¥—ã–≤–∞—Ç—å —Å–æ–æ—Ç–≤–µ—Ç—Å—Ç–≤—É—é—â–µ–µ —Ñ–æ—Ç–æ –∏ –≤–µ—Å—Ç–∏ —á–µ—Å—Ç–Ω—ã–π –±–∏–∑–Ω–µ—Å. –ò, –∫–∞–∫ –≤–∏–¥–Ω–æ –∏–∑ –æ—Ç–∑—ã–≤–æ–≤, —è –¥–∞–ª–µ–∫–æ –Ω–µ –ø–µ—Ä–≤–∞—è, –∏ —Å–∫–æ—Ä–µ–µ –≤—Å–µ–≥–æ –Ω–µ –ø–æ—Å–ª–µ–¥–Ω—è—è. –ú–æ–∂–µ—Ç –±—ã—Ç—å –≤—Å–µ-—Ç–∞–∫–∏ –ø—Ä–æ–¥–∞–≤–µ—Ü —Å–¥–µ–ª–∞–µ—Ç –≤—ã–≤–æ–¥—ã?",1,1,1.0,7,1,2.857142857142857,0,5
7042525826881365514,3377668345735785756,12580249446629691272,"–û—Ç–ª–∏—á–Ω–∞—è –≥—É–±–∫–∞, —Å–ø–∞—Å–∏–±–æ.",50,43,4.8,191,10,4.837696335078534,104,132
13177061027481511402,6595073485018777246,15123516144979634006,–û—ã–æ—ã—Ä—ã–≥—ã–æ—Ü—Ä—Ü–Ω—ã–æ—Ü–Ω,2,2,5.0,718,178,4.554317548746518,2,6
13024285408306039764,6261351654194124112,7156500302621220037,"–ó–∞–∫–∞–∑–∞–ª–∞ —Ä—É—á–∫—É, –∞ –ø—Ä–∏—à–ª–∞ —Å–∏—Å—Ç–µ–º–∞ –∑–∞–∂–∏–≥–∞–Ω–∏—è, –ø–æ—ç—Ç–æ–º—É –æ—Ç–∫–∞–∑",1,1,1.0,14,0,4.714285714285714,5,8
4522845421532943620,8854574862207340241,4846498284303870694,"–†—É–ª–µ—Ç–∫–∞ —Ä–∞–±–æ—Ç–∞–µ—Ç,  –ø–æ–Ω—Ä–∞–≤–∏–ª–∞—Å—å, —Ä–µ–∫–æ–º–µ–Ω–¥—É—é",13,13,5.0,71,14,4.873239436619718,22,22
9937424061125384039,7382613133509132630,4457720168935518407,–û—Ç–ª–∏—á–Ω—ã–µ —Å–∞–ª—Ñ–µ—Ç–∫–∏. –ü—Ä–∏—à–ª–∏ –∞–∫–∫—É—Ä–∞—Ç–Ω–æ —É–ø–∞–∫–æ–≤–∞–Ω–Ω—ã–µ,41,40,4.609756097560975,99,17,4.808080808080808,77,91
13974002134562563324,9014488886648632870,5973287941210242510,–°–ª–∏—à–∫–æ–º –º–∞–ª–µ–Ω—å–∫–∏–π,2,2,3.0,742,389,4.574123989218329,10,13
7281534354978061913,3552958348137051174,14614593912552239166,–∑–¥—Ä–∞–≤—Å—Ç–≤—É–π—Ç–µ.—Å–µ—Ç–æ—á–∫–∏ –¥–ª—è –ø–∞—Ä–∏–∫–∞ –Ω–µ—Ç.–æ–¥–Ω–∞ –∑–≤–µ–∑–¥–∞,1,1,1.0,29,23,4.689655172413793,19,19
5905104018652160066,5957876770058732992,7715615707067664181,–û—á–µ–Ω—å –ø–ª–æ—Ö–æ–π –∫–∞—á–µ—Å—Ç–≤–æ,2,2,1.0,3,0,3.333333333333333,0,2
1390239902697780154,177077082461823378,12712633552302916037,–û—Ç–ª–∏—á–Ω—ã–π  MagSafe Battery Pack —Å–æ–æ—Ç–≤–µ—Ç—Å—Ç–≤—É–µ—Ç –æ–ø–∏—Å–∞–Ω–∏—é.,5,4,5.0,9,7,4.111111111111111,22,27
1616213270476095282,12597688032564819314,3615071554302735217,–ì–¥–µ –∏–Ω—Å—Ç—Ä—É–∫—Ü–∏—è –ø–æ –ø–æ–¥–∫–ª—é—á–µ–Ω–∏—é? –í—Ä–æ–¥–µ –≤—Å–µ —Ä–∞–±–æ—á–µ–µ –Ω–æ –∫ —Ç–µ–ª–∏–∫—É –Ω–µ –º–æ–∂–µ–º –ø–æ–¥–∫–ª—é—á–∏—Ç—åü§¨,2,2,3.0,75,21,4.053333333333334,48,144
8575167429781420166,17928670682954111475,2648918186185057521,–ü—Ä–∏—è—Ç–Ω–∞—è —à—Ç—É—á–∫–∞! –°–ø–∞—Å–∏–±–æ!,12,12,4.75,5324,1604,4.77610818933133,29,36
2214201326723402595,11478807825102247300,2648918186185057521,–í—Å–µ –æ—Ç–ª–∏—á–Ω–æ!,21,21,5.0,2619,901,4.395801526717557,45,52
14645686270268209668,5525914555088446470,1071016779742801696,–£–¥–æ–±–Ω–∞—è –ø–æ–¥—Å—Ç–∞–≤–æ—á–∫–∞ —É–∂–µ 3 –∑–∞–∫–∞–∑–∞–ª–∞,22,21,4.090909090909091,3438,558,4.926992437463642,73,82
237631799936003226,18048216132505702644,8867550339093066334,"–§–æ–Ω–∞—Ä—å —Ö–æ—Ä–æ—à–∏–π. –°–≤–µ—Ç –∑–∞–º–µ—á–∞—Ç–µ–ª—å–Ω—ã–π. –ü—Ä–∞–≤–¥–∞, –ø–µ—Ä–≤—ã–π —Ñ–æ–Ω–∞—Ä—å –±—ã–ª —Å –∏–∑—ä—è–Ω–æ–º. –ù–∞ –ø—Ä–æ–≤–æ–¥–µ –ø–∏—Ç–∞–Ω–∏—è –æ—Ç–æ—à—ë–ª –∫–æ–Ω—Ç–∞–∫—Ç. –û—Ñ–æ—Ä–º–∏–ª –≤–æ–∑–≤—Ä–∞—Ç –±–µ–∑ —Ç—Ä—É–¥–Ω–æ—Å—Ç–µ–π –∏ —Å—Ä–∞–∑—É –∑–∞–∫–∞–∑–∞–ª –¥—Ä—É–≥–æ–π.",15,15,4.733333333333333,45,13,4.466666666666667,99,157
10912443227689999441,3137339606149683109,11294934146387236230,–õ—é–±–∏–º–æ–µ –±—ã–ª–æ.,27,24,4.703703703703703,93,10,4.903225806451613,69,115
9266450377766320861,14403881403231859163,10862826276302340656,–®–∏–∫–∞—Ä–Ω—ã–π –Ω–∞–±–æ—Ä –¥–ª—è –¥–µ—Ç—Å–∫–æ–≥–æ –ø—Ä–∞–∑–¥–Ω–∏–∫–∞.–£ –Ω–∞—Å –±—ã–ª —Ö–æ–ª–æ–¥–Ω–æ–µ —Å–µ—Ä–¥—Ü–µ.–†–µ–∫–æ–º–µ–Ω–¥—É—é –∫ –ø–æ–∫—É–ø–∫–µ.,25,25,5.0,9,1,4.222222222222222,15,49
14777657836099820532,12926506118895196009,3513580215046620544,–ß–µ–±—É—Ä–∞—à–∫–∞ –Ω–µ –ø–æ–µ—Ç,39,33,3.076923076923077,123,28,3.991869918699187,280,791
9233553927994712005,5419263763571549015,12091097042869586474,"–°–∞–º–∞—è –ª—É—á—à–∞—è –∫–æ—Å–º–µ—Ç–∏–∫–∞ –≤ –º–∏—Ä–µ, –∫–æ—Ç–æ—Ä—É—é —è –ø—Ä–æ–±—ã–≤–∞–ª–∞!‚ù§Ô∏èü•∞ü´∂üèª –°–ø–∞—Å–∏–±–æ –û–ª—å–≥–µ, –∑–∞ –µ–µ —É–º–µ–Ω–∏–µ —Å–¥–µ–ª–∞—Ç—å –µ–µ –Ω–∞ –∫—É—Ö–Ω–µüòÅ –ö–æ–∂–∞ —Å—Ç–∞–ª–∞, –∫–∞–∫ –ø–æ–ø–∫–∞ —É –º–ª–∞–¥–µ–Ω—Ü–∞) –ê —Å–∞–º–æ–µ –≥–ª–∞–≤–Ω–æ–µ, —á—Ç–æ –≤ —Å–æ—Å—Ç–∞–≤–µ –Ω–∞—Ç—É—Ä–∞–ª—å–Ω—ã–µ  –º–∞—Å–ª–∞ , –ø—Ä–∏ –Ω–∞–Ω–µ—Å–µ–Ω–∏–∏  –Ω–µ –ø–∞—á–∫–∞—é—Ç –Ω–∏ –∫—Ä–æ–≤–∞—Ç—å, –Ω–µ –æ–¥–µ–∂–¥—É. –í—Å–µ–º —Å–æ–≤–µ—Ç—É—é. –ó–∞–ø–∞—Ö —à–∏–∫–∞—Ä–µ–Ω, –º–Ω–µ –ø–æ–Ω—Ä–∞–≤–∏–ª—Å—è, —ç—Ç–æ –º–æ–π –Ω–µ –ø–µ—Ä–≤—ã–π –º—É—Å—Å, –æ–Ω–∏ –≤—Å–µ üí£ üí• –ø—É—à–∫–∞üí´",4,1,5.0,329,210,4.696048632218845,10,11
5148878724375754007,7538969631879821589,2411976139490851084,–ù–∞–∞–æ–ª–æ—á–∫–∏ —Ç–æ–Ω–∫–æ–≤–∞—Ç—ã. –ù–æ —É–µ–Ω–∞ —Å–æ–æ—Ç–∞–µ—Ç—Å—Ç–≤—É–µ—Ç.,25,23,5.0,502,51,4.818725099601593,30,31
16547768343526127354,331755041371905386,89524856874974827,–¢–∞–∫–æ–π –∫–æ—Ä–º –Ω–∞–º –Ω–∞–∑–Ω–∞—á–∏–ª–∏ –≤ –≤–µ—Ç–µ—Ä–∏–Ω–∞—Ä–Ω–æ–π –∫–ª–∏–Ω–∏–∫–µ,18,18,5.0,41,5,4.878048780487805,29,50
11710136143297465925,12752916914305434091,9276397251840000441,"–ü—Ä–∏—à–ª–∏ —Å–∏–Ω–µ–≥–æ —Ü–≤–µ—Ç–∞ , —Ö–æ—Ç—è –º–Ω–µ –ø—Ä–∏–Ω—Ü–∏–ø–∏–∞–ª—å–Ω–æ –±—ã–ª–æ —á–µ—Ä–Ω–æ–≥–æ —Ü–≤–µ—Ç–∞. –ü—Ä–∏—á–µ–º –Ω–∞ –±–∏—Ä–∫–µ –±—ã–ª–æ —É–∫–∞–∑–∞–Ω–æ ¬´—á–µ—Ä–Ω—ã–π —Ü–≤–µ—Ç¬ª. –í–∏–¥–∏–º–æ –Ω–µ–≤–Ω–∏–º–∞—Ç–µ–ª—å–Ω–æ –∫—Ä–µ–ø—è—Ç –±–∏—Ä–∫–∏. –ü–æ—Ç–æ–º—É —á—Ç–æ –¥–æ —ç—Ç–æ–≥–æ –ø–æ–∫—É–ø–∞–ª–∞ —Ç–∞–∫–∏–µ –∂–µ , –Ω–æ —Ç–µ–º–Ω–æ-—Å–∏–Ω–∏–µ . –ò –Ω–∞ –±–∏—Ä–∫–µ –±—ã–ª –∫–æ—Ä—Ä–µ–∫—Ç–Ω—ã–π —Ü–≤–µ—Ç.  –ü—Ä–æ—à—É –Ω–µ —Å–Ω–∏–º–∞—Ç—å –ø—Ä–æ—Ü–µ–Ω—Ç —Å –≤—ã–∫—É–ø–∞, —Ç–∞–∫ –∫–∞–∫ –º–Ω–µ –±—ã–ª –ø—Ä–∏–Ω—Ü–∏–ø–∏–∞–ª–µ–Ω —Ü–≤–µ—Ç –∏ –ø—Ä–∏—à–µ–ª –Ω–µ —Ç–æ—Ç",2,2,3.5,90,16,4.0777777777777775,5,28
18098938710825285874,11513453373280823882,18028875977760318431,–ó–∞–∫–∞–∑–∞–ª –Ω–µ—Å–∫–æ–ª—å–∫–æ —à—Ç—É–∫. –ù–∞ –æ–¥–Ω–æ–π –∞–Ω—Ç–µ–Ω–Ω–µ —Å–æ—Ä–≤–∞–Ω–∞ —Ä–µ–∑—å–±–∞. –ê –≤–æ–æ–±—â–µ –≤—Å–µ –ø–æ–∫–∞–∑–∞—Ç–µ–ª–∏ —Å–æ–æ—Ç–≤–µ—Ç—Å—Ç–≤—É—é—Ç –∑–∞—è–≤–ª–µ–Ω–Ω—ã–º —Ö–∞—Ä–∞–∫—Ç–µ—Ä–∏—Å—Ç–∏–∫–∞–º. 3 —Ä–µ–∂–∏–º–∞ –º–æ—â–Ω–æ—Å—Ç–∏. –ü—Ä–æ–¥–∞–≤—Ü–∞ —Ä–µ–∫–æ–º–µ–Ω–¥—É—é.,17,16,3.117647058823529,17,15,4.294117647058823,105,1709
2282600073496763803,18133600653684274181,11026915861466725031,–ù–æ—Ä–º–∞–ª—å–Ω–æ –≤ –æ–±—â–µ–º,1,1,5.0,437,27,4.453089244851259,8,8
12855487643569982229,14711445276559368329,2950906921435900001,"–ù–µ —Å–æ–æ—Ç–≤–µ—Ç—Å—Ç–≤—É–µ—Ç —Ç–æ–≤–∞—Ä, –≤–º–µ—Å—Ç–æ –¥–µ—Ä–∂–∞—Ç–µ–ª—è –ø—Ä–∏—Å–ª–∞–ª–∏ –±–µ—Å–ø—Ä–æ–≤–æ–¥–Ω–æ–π –∞—É–¥–∏–æ—Ä–µ—Å–∏–≤–µ—Ä",1,1,1.0,196,47,4.454081632653061,4,8
5174834508419342599,16379096625242668860,16737513348961554471,"–•–æ—Ä–æ—à–∏–π –æ–±—ä–µ–∫—Ç–∏–≤, —Å–Ω–∞—á–∞–ª–∞ –Ω–µ —Ñ–æ–∫—É—Å–∏—Ä–æ–≤–∞–ª—Å—è, –Ω–æ –ø–æ—Ç–æ–º –≤—Å–µ –Ω–æ—Ä–º–∞–ª—å–Ω–æ! –§–æ—Ç–æ —è—Ä–∫–∏–µ, —á—ë—Ç–∫–∏–µ!",86,79,4.453488372093023,45,18,4.155555555555556,164,183
15163582845128275312,16720936800967316088,16351792195234876872,–ü—Ä–∏—à–ª–∏ 2 –ø–∞—Ä—ã –æ–¥–Ω–∏ —Ä–∞–±–æ—Ç–∞—é—Ç –≤—Ç–æ—Ä—ã–µ –Ω–µ—Ç,5,5,3.0,392,72,4.369897959183674,49,76
14782747415019422216,12909068231704962234,815378434367114826,"–°—É–º–∫–∞ —Ö–æ—Ä–æ—à–∞—è –∏ –∫–∞—á–µ—Å—Ç–≤–æ —Ç–æ–∂–µ, –æ—Å–æ–±–µ–Ω–Ω–æ –∑–∞ —Ç–∞–∫–∏–µ –¥–µ–Ω—å–≥–∏. –û—Ç–∫–∞–∑ —Ç–∞–∫ –∫–∞–∫ —Ñ—É—Ä–Ω–∏—Ç—É—Ä–∞ –Ω–µ –±—ã–ª–∞ –∑–∞–∫–ª–µ–µ–Ω–∞ –∑–∞—â–∏—Ç–Ω–æ–π –ø–ª–µ–Ω–∫–æ–π, –æ—á–µ–Ω—å —Ö–æ—Ä–æ—à–æ –ø—Ä–æ—Å–º–∞—Ç—Ä–∏–≤–∞–ª–∏—Å—å —Ü–∞—Ä–∞–ø–∏–Ω—ã. –û—á–µ–Ω—å –∂–∞–ª—å –µ—â—ë –ø–æ—Ç–æ–º—É —á—Ç–æ –≤–æ–∑–≤—Ä–∞—Ç –ø–ª–∞—Ç–Ω—ã–π",1,1,3.0,310,119,4.793548387096775,0,4
10761949368857704764,10380464729890422595,5825365837617050223,"–ù–µ –∑–∞—Å–æ—Ö—à–∞—è, —Ä–∏—Å—É–µ—Ç —Ö–æ—Ä–æ—à–æ –∏ –¥–µ—Ä–∂–∏—Ç—Å—è —Ç–æ–∂–µ",28,28,4.821428571428571,13719,2538,4.358772505284642,36,42
2281841916580229185,12629662258254360643,4729502085659009298,"–ë—ã—Å—Ç—Ä–∞—è –¥–æ—Å—Ç–∞–≤–∫–∞, —Ö–æ—Ä–æ—à–∏–π –≤–∫—É—Å, –±—Ä–∞–ª –∂–∞—Ä–∞—Ñ —à–ø–∏–ª—å-–º–∞–Ω–≥–æ, —Å–æ–≤–µ—Ç—É—é –∫ –ø–æ–∫—É–ø–∫–µ.",12,12,5.0,9,0,5.0,21,25
5294268764426472926,17815538527669724770,8223254633971568382,"–ø—Ä–∏—à–ª–∞ –Ω–µ —Ç–∞ –º–æ–¥–µ–ª—å, —Å–¥–µ–ª–∞–ª–∏ –≤–æ–∑–≤—Ä–∞—Ç –º–µ–Ω—å—à–µ –Ω–∞ 100 —Ä—É–±... —Ö–æ—Ç—å –∏ –Ω–µ –ø–æ –º–æ–µ–π –≤–∏–Ω–µ . –º–æ–π –ø–µ—Ä–≤—ã–π –∏ –ø–æ—Å–ª–µ–¥–Ω–∏–π –∑–∞–∫–∞–∑.",1,1,1.0,35,5,4.885714285714286,13,16
665336044313755821,1283231757338532403,7892308722807872006,–≠—Ñ—Ñ–µ–∫—Ç–∞ –í–∞—É –∫–æ–Ω–µ—á–Ω–æ –Ω–µ—Ç –Ω–æ –Ω–µ—Ä–≤–Ω–∏—á–∞—Ç—å —Å—Ç–∞–ª–∞ –º–µ–Ω—å—à–µ),19,18,5.0,135,11,4.666666666666667,54,91
9469134922561880841,1500754368432097106,14484200784271263541,"–ö–æ–Ω—Ç–µ–π–Ω–µ—Ä–∞ —Ö–æ—Ä–æ—à–∏–µ, –º–Ω–µ –æ–Ω–∏ –æ—á–µ–Ω—å –ø–æ–º–æ–≥—É—Ç –≤ –º–æ—ë–º –ø—Ä–æ–∏–∑–≤–æ–¥—Å—Ç–≤–µ. –ó–∞–±—Ä–∞–ª–∞ –Ω–µ —Å–º–æ—Ç—Ä—è –Ω–∞ —Å–∫–æ–ª —É–≥–æ–ª–∫–∞, –ø–æ—Ç–æ–º—É —á—Ç–æ –ø–ª–∞—Å—Ç–º–∞—Å—Å –ø–æ–Ω–∏–º–∞—é —á—Ç–æ –Ω–µ –≤–µ—á–Ω—ã–π. –î–ª—è –º–µ–Ω—è –Ω–µ –∫—Ä–∏—Ç–∏—á–Ω–æ, –Ω–æ –º–æ–∂–µ—Ç —Å—Ç–æ–∏—Ç –æ–±—Ä–∞—Ç–∏—Ç—å –≤–Ω–∏–º–∞–Ω–∏–µ –Ω–∞ —É–ø–∞–∫–æ–≤–∫—É, –¥–ª—è –∫–æ–≥–æ —Ç–æ –±—É–¥–µ—Ç –≤–æ–∑–≤—Ä–∞—Ç. –§–æ—Ç–æ –ø—Ä–∏–ª–∞–≥–∞—é",7,7,4.571428571428571,140,53,4.235714285714286,9,24
13163890858615483297,6394556973009843734,12636165674699970687,"–ù–µ –ø–ª–æ—Ö–∞—è, –Ω–æ –Ω–µ–º–Ω–æ–≥–æ –Ω–µ –ø–æ–Ω—è—Ç–Ω–æ —Å—à–∏—Ç—ã —Ä—É–∫–∞–≤–∞, –º–µ—Ö –¥–µ—à–µ–≤–∏—Ç",2,1,1.5,54,22,4.444444444444445,0,3
5776013284360334771,409658727607972830,3497213468302892521,"–ü—Ä–∏—à—ë–ª —Ç–æ–≤–∞—Ä –æ—Ç–ª–∏—á–Ω–æ–µ —Å–æ—Å—Ç–æ—è–Ω–∏–µ, —Ç–æ–≤–∞—Ä –ø—Ä–æ—Å—Ç–æ —Å—É–ø–µ—Ä –ø–æ –∫–∞—á–µ—Å—Ç–≤—Éüëç",2,2,5.0,957,535,4.686520376175548,21,36
6688388752591647919,17908155600656137064,7510230592743034604,"–ë–æ–ª—å—à–æ–µ —Å–ø–∞—Å–∏–±–æ –∑–∞ –±—ã—Å—Ç—Ä—É—é –¥–æ—Å—Ç–∞–≤–∫—É. –ë–µ—Ä—É –Ω–µ –ø–µ—Ä–≤—ã–π —Ä–∞–∑, –∫–∞—á–µ—Å—Ç–≤–æ–º –¥–æ–≤–æ–ª—å–Ω–∞, –∞ –æ—Å–æ–±–µ–Ω–Ω–æ –ø—Ä–∏—è—Ç–Ω–æ –±—ã–ª–æ –ø–æ–ª—É—á–∏—Ç—å –º–∞–ª–µ–Ω—å–∫–∏–π –ø–æ–¥–∞—Ä–æ–∫.",27,27,4.62962962962963,7,5,5.0,91,136
11403042880782121891,8779185476309822651,9703778055475465210,"–í—Å–µ –ø—Ä–∏–µ—Ö–∞–ª–æ —Ü–µ–ª–æ–µ –∏ —Ö–æ—Ä–æ—à–æ —É–ø–∞–∫–æ–≤–∞–Ω–Ω–æ–µ, —Å–≤–æ–∏ —Ü–µ–ª–∏  —Ö–æ—Ä–æ—à–æ  –≤—ã–ø–æ–ª–Ω—è–µ—Ç",12,10,4.75,165,23,4.793939393939394,23,35
625782249804846584,8480878322658881348,17212514273676674596,"–°–∞–º–∏ —É–≥–≥–∏ –∫–ª–∞—Å—Å,–Ω–æ –ø–µ—Ä–µ–∑–∞–∫–∞–∑–∞–ª–∞ 38 —Ä–∞–∑–º–µ—Ä –æ–∫–∞–∑–∞–ª—Å—è –±–æ–ª—å—à–æ–π.—Ö–æ—Ç—è —Å–≤–æ–π 38",15,15,5.0,307,140,4.41042345276873,61,77
